id,Predicted_Class
1,0
2,0
3,0
4,0
5,3
6,4
7,4
8,0
9,4
10,3
11,0
12,0
13,4
14,3
15,4
16,4
17,4
18,2
19,2
20,4
21,4
22,4
23,4
24,0
25,4
26,4
27,2
28,0
29,4
30,4
31,3
32,4
33,0
34,2
35,2
36,4
37,0
38,3
39,4
40,4
41,4
42,4
43,0
44,4
45,4
46,3
47,3
48,4
49,3
50,0
51,0
52,2
53,0
54,0
55,4
56,4
57,3
58,4
59,0
60,2
61,3
62,2
63,3
64,4
65,0
66,4
67,4
68,4
69,0
70,0
71,0
72,2
73,4
74,0
75,2
76,2
77,4
78,4
79,0
80,4
81,0
82,3
83,2
84,4
85,0
86,4
87,0
88,2
89,4
90,2
91,0
92,3
93,4
94,3
95,4
96,0
97,4
98,4
99,4
100,4
101,4
102,4
103,4
104,4
105,4
106,3
107,0
108,3
109,3
110,2
111,3
112,3
113,0
114,3
115,4
116,2
117,4
118,4
119,4
120,0
121,0
122,3
123,2
124,4
125,0
126,3
127,4
128,3
129,0
130,4
131,4
132,0
133,4
134,4
135,0
136,0
137,4
138,3
139,4
140,0
141,4
142,0
143,4
144,0
145,0
146,4
147,4
148,4
149,3
150,3
151,3
152,4
153,0
154,4
155,4
156,0
157,4
158,4
159,4
160,0
161,3
162,4
163,0
164,4
165,4
166,4
167,2
168,3
169,4
170,1
171,4
172,0
173,3
174,4
175,4
176,4
177,0
178,4
179,4
180,4
181,3
182,2
183,4
184,0
185,4
186,0
187,4
188,0
189,4
190,4
191,0
192,3
193,4
194,3
195,0
196,4
197,0
198,0
199,3
200,3
201,0
202,0
203,0
204,3
205,4
206,2
207,0
208,4
209,0
210,0
211,3
212,0
213,4
214,4
215,3
216,0
217,4
218,4
219,0
220,4
221,2
222,4
223,4
224,0
225,3
226,0
227,4
228,2
229,2
230,4
231,4
232,4
233,0
234,2
235,0
236,4
237,0
238,4
239,4
240,4
241,0
242,3
243,4
244,4
245,4
246,0
247,4
248,4
249,4
250,4
251,4
252,3
253,0
254,0
255,0
256,0
257,0
258,4
259,0
260,3
261,2
262,2
263,0
264,2
265,4
266,4
267,4
268,4
269,4
270,0
271,3
272,0
273,4
274,0
275,4
276,0
277,4
278,0
279,4
280,0
281,4
282,4
283,4
284,4
285,0
286,4
287,4
288,0
289,3
290,0
291,3
292,4
293,4
294,0
295,4
296,4
297,4
298,0
299,2
300,4
301,2
302,4
303,4
304,0
305,4
306,4
307,3
308,0
309,0
310,0
311,0
312,4
313,3
314,4
315,0
316,3
317,0
318,4
319,4
320,1
321,0
322,0
323,0
324,4
325,4
326,4
327,4
328,4
329,2
330,0
331,4
332,4
333,4
334,4
335,4
336,0
337,2
338,0
339,4
340,3
341,0
342,2
343,4
344,0
345,4
346,4
347,4
348,4
349,0
350,4
351,0
352,4
353,4
354,0
355,3
356,0
357,0
358,3
359,2
360,3
361,0
362,4
363,2
364,4
365,0
366,4
367,4
368,4
369,3
370,0
371,4
372,0
373,3
374,4
375,2
376,3
377,4
378,2
379,0
380,4
381,4
382,3
383,0
384,4
385,4
386,2
387,2
388,4
389,0
390,0
391,4
392,0
393,4
394,4
395,4
396,3
397,4
398,0
399,2
400,0
401,0
402,4
403,4
404,4
405,4
406,3
407,0
408,4
409,4
410,3
411,4
412,2
413,3
414,0
415,4
416,3
417,4
418,4
419,0
420,4
421,4
422,4
423,2
424,4
425,3
426,2
427,4
428,4
429,4
430,4
431,4
432,0
433,4
434,4
435,4
436,0
437,3
438,3
439,3
440,0
441,3
442,4
443,0
444,3
445,4
446,4
447,3
448,0
449,4
450,4
451,3
452,0
453,3
454,4
455,4
456,4
457,0
458,1
459,0
460,4
461,4
462,4
463,0
464,2
465,0
466,3
467,4
468,4
469,4
470,4
471,4
472,0
473,4
